City_ID,City,Country,Date,Lat,Lng,Max Temp,Humidity,Cloudiness,Wind Speed
0,Chanika,TZ,2021-04-25 20:02:47,-5.4167,38.0167,68.25,98,94,5.88
1,Cape Town,ZA,2021-04-25 20:02:34,-33.9258,18.4232,62.01,94,20,10.36
2,Carnarvon,AU,2021-04-25 19:57:55,-24.8667,113.6333,62.6,77,0,5.75
3,Manpur,IN,2021-04-25 20:02:49,22.4333,75.6167,84.18,11,6,7.14
4,Kapaa,US,2021-04-25 20:01:30,22.0752,-159.319,78.8,65,40,14.97
5,Longyearbyen,SJ,2021-04-25 20:02:50,78.2186,15.6401,19.4,63,40,12.66
6,Namatanai,PG,2021-04-25 20:02:50,-3.6667,152.4333,78.98,82,84,2.13
7,Punta Arenas,CL,2021-04-25 20:00:57,-53.15,-70.9167,57.2,62,75,18.41
8,Puerto Ayora,EC,2021-04-25 20:01:08,-0.7393,-90.3518,82.4,65,20,19.57
9,Kruisfontein,ZA,2021-04-25 20:02:52,-34.0033,24.7314,72.75,38,100,5.53
10,Georgetown,MY,2021-04-25 20:01:24,5.4112,100.3354,81.0,89,20,3.44
11,Mahebourg,MU,2021-04-25 20:01:03,-20.4081,57.7,75.2,94,75,11.5
12,Avera,US,2021-04-25 20:02:53,33.194,-82.5271,75.2,50,40,9.22
13,Ullal,IN,2021-04-25 20:02:53,12.8,74.85,82.4,83,75,8.05
14,Yellowknife,CA,2021-04-25 20:02:23,62.456,-114.3525,10.99,61,90,9.22
15,Narsaq,GL,2021-04-25 20:00:53,60.9167,-46.05,50.0,32,75,19.57
16,Vaini,TO,2021-04-25 20:01:52,-21.2,-175.2,73.4,100,75,5.75
17,Rocha,UY,2021-04-25 20:02:55,-34.4833,-54.3333,63.54,73,81,14.03
18,Lavrentiya,RU,2021-04-25 20:02:55,65.5833,-171.0,28.38,83,97,1.48
19,Geraldton,AU,2021-04-25 20:02:56,-28.7667,114.6,64.4,55,0,10.36
20,Noumea,NC,2021-04-25 20:00:03,-22.2763,166.4572,77.0,94,75,2.3
21,Osypenko,UA,2021-04-25 20:02:56,46.9136,36.8253,46.99,100,100,5.01
22,Nakamura,JP,2021-04-25 20:02:57,32.9833,132.9333,45.14,86,3,4.12
23,Ushuaia,AR,2021-04-25 20:01:35,-54.8,-68.3,55.4,54,40,10.36
24,Dunedin,NZ,2021-04-25 19:59:35,-45.8742,170.5036,51.01,33,84,11.99
25,Ayan,RU,2021-04-25 20:02:57,56.45,138.1667,21.25,83,39,4.94
26,Rikitea,PF,2021-04-25 20:01:45,-23.1203,-134.9692,77.86,74,100,8.1
27,Busselton,AU,2021-04-25 20:02:04,-33.65,115.3333,52.0,97,100,4.36
28,Buala,SB,2021-04-25 20:03:00,-8.145,159.5921,80.02,83,25,2.15
29,Sobolevo,RU,2021-04-25 20:03:00,54.4299,31.8996,31.51,79,12,7.58
30,Hermanus,ZA,2021-04-25 20:01:19,-34.4187,19.2345,63.0,84,100,3.0
31,Bluff,NZ,2021-04-25 20:01:11,-46.6,168.3333,45.0,81,71,11.01
32,Avarua,CK,2021-04-25 20:01:36,-21.2078,-159.775,80.6,83,40,9.22
33,Wesselsbron,ZA,2021-04-25 20:03:01,-27.8549,26.3658,60.62,30,25,5.95
34,Kodiak,US,2021-04-25 20:01:40,57.79,-152.4072,39.2,93,90,12.66
35,Dingle,PH,2021-04-25 20:03:02,10.9995,122.6711,75.74,85,38,3.33
36,Hobart,AU,2021-04-25 20:02:16,-42.8794,147.3294,57.2,62,90,12.66
37,Evensk,RU,2021-04-25 20:03:03,61.95,159.2333,22.84,94,100,5.01
38,Gladstone,AU,2021-04-25 20:02:33,-23.85,151.25,60.8,82,0,5.75
39,Luanda,AO,2021-04-25 20:00:16,-8.8368,13.2343,80.6,89,20,5.75
40,Hithadhoo,MV,2021-04-25 20:01:09,-0.6,73.0833,82.56,68,99,4.52
41,Unai,BR,2021-04-25 20:03:04,-16.3575,-46.9061,82.38,53,32,4.38
42,Albany,US,2021-04-25 19:57:24,42.6001,-73.9662,57.2,58,90,11.5
43,Wajima,JP,2021-04-25 20:03:05,37.4,136.9,47.39,47,5,14.52
44,Tiksi,RU,2021-04-25 20:01:27,71.6872,128.8694,22.96,96,100,1.72
45,Padang,ID,2021-04-25 20:01:46,-0.9492,100.3543,77.59,85,92,3.36
46,Bredasdorp,ZA,2021-04-25 20:01:37,-34.5322,20.0403,55.4,88,100,2.3
47,Atuona,PF,2021-04-25 20:01:33,-9.8,-139.0333,79.92,72,50,15.3
48,San Fernando,PH,2021-04-25 19:58:39,15.0286,120.6898,75.2,83,40,2.3
49,Kahului,US,2021-04-25 20:03:07,20.8947,-156.47,80.6,57,40,20.71
50,Presidencia Roque Saenz Pena,AR,2021-04-25 20:03:07,-26.7852,-60.4388,73.0,52,0,5.01
51,Misratah,LY,2021-04-25 20:03:08,32.3754,15.0925,62.94,74,0,11.59
52,Dakar,SN,2021-04-25 20:03:08,14.6937,-17.4441,69.8,83,40,9.22
53,Qaanaaq,GL,2021-04-25 20:01:05,77.484,-69.3632,31.48,74,27,4.07
54,Amot,NO,2021-04-25 20:03:09,59.5714,7.9877,39.99,46,17,1.01
55,Mount Gambier,AU,2021-04-25 20:03:09,-37.8333,140.7667,51.8,93,90,4.61
56,Roald,NO,2021-04-25 20:03:10,62.5833,6.1333,37.99,75,75,6.91
57,Dolores Hidalgo,MX,2021-04-25 20:03:11,21.1561,-100.9308,87.01,28,99,5.35
58,Yeppoon,AU,2021-04-25 20:02:32,-23.1333,150.7333,64.4,77,21,6.91
59,Lebu,CL,2021-04-25 20:03:11,-37.6167,-73.65,59.59,77,0,12.62
60,Yashkul,RU,2021-04-25 20:03:12,46.1711,45.3435,48.9,71,100,7.61
61,Thompson,CA,2021-04-25 20:01:46,55.7435,-97.8558,37.4,38,75,11.5
62,Sorland,NO,2021-04-25 20:02:26,67.667,12.6934,35.6,87,75,4.61
63,Port Elizabeth,ZA,2021-04-25 20:02:37,-33.918,25.5701,59.0,82,100,2.3
64,Pangnirtung,CA,2021-04-25 20:03:13,66.1451,-65.7125,32.0,93,90,8.05
65,Luderitz,NA,2021-04-25 20:01:29,-26.6481,15.1594,62.31,90,97,3.78
66,Tezu,IN,2021-04-25 20:03:13,27.9167,96.1667,77.76,22,83,4.76
67,Tianpeng,CN,2021-04-25 20:03:14,30.9866,103.9393,61.0,1,100,2.33
68,Lompoc,US,2021-04-25 20:02:35,34.6391,-120.4579,57.2,72,100,13.8
69,Ribeira Grande,PT,2021-04-25 20:01:38,38.5167,-28.7,62.6,77,20,11.5
70,Lufilufi,WS,2021-04-25 20:02:31,-13.8745,-171.5986,78.8,89,20,3.44
71,Alvaraes,BR,2021-04-25 20:03:17,-3.2208,-64.8042,84.2,84,75,8.05
72,Elhovo,BG,2021-04-25 20:03:17,42.1667,26.5667,46.4,87,1,6.91
73,Weihai,CN,2021-04-25 20:03:17,37.5017,122.1136,49.6,73,100,1.63
74,Norman Wells,CA,2021-04-25 19:58:20,65.282,-126.8329,35.6,44,20,19.57
75,Arraial Do Cabo,BR,2021-04-25 20:01:32,-22.9661,-42.0278,80.6,69,0,8.05
76,Weyburn,CA,2021-04-25 20:03:19,49.6668,-103.8511,44.6,42,100,9.22
77,Ahuimanu,US,2021-04-25 20:03:19,21.4447,-157.8378,82.4,69,75,9.22
78,Tupik,RU,2021-04-25 20:03:20,54.4253,119.9327,38.08,82,100,2.66
79,Faanui,PF,2021-04-25 20:01:37,-16.4833,-151.75,80.94,64,4,2.91
80,Mataura,NZ,2021-04-25 20:01:16,-46.1927,168.8643,45.0,81,72,11.01
81,Pontes E Lacerda,BR,2021-04-25 20:03:21,-15.2261,-59.3353,71.92,93,100,4.21
82,Kavaratti,IN,2021-04-25 20:03:21,10.5669,72.642,84.06,72,1,8.37
83,Port Alfred,ZA,2021-04-25 20:02:25,-33.5906,26.891,70.36,65,100,13.11
84,Saint-Philippe,RE,2021-04-25 20:02:40,-21.3585,55.7679,78.8,73,75,24.16
85,Torbay,CA,2021-04-25 20:01:06,47.6666,-52.7314,53.6,35,20,23.02
86,Dikson,RU,2021-04-25 19:57:06,73.5069,80.5464,16.52,91,100,11.3
87,Mitzic,GA,2021-04-25 20:03:22,0.7821,11.549,73.85,78,36,1.9
88,Taperoa,BR,2021-04-25 20:03:23,-7.2075,-36.8267,83.86,47,65,10.87
89,Castro,BR,2021-04-25 20:02:21,-24.7911,-50.0119,64.26,85,100,4.74
90,Clyde River,CA,2021-04-25 20:03:24,70.4692,-68.5914,19.4,100,75,28.77
91,East London,ZA,2021-04-25 20:01:38,-33.0153,27.9116,68.4,75,100,11.23
92,Lorengau,PG,2021-04-25 20:02:52,-2.0226,147.2712,79.23,83,53,6.35
93,Tuktoyaktuk,CA,2021-04-25 20:01:48,69.4541,-133.0374,12.2,79,90,12.66
94,Kota Kinabalu,MY,2021-04-25 20:03:25,5.9749,116.0724,80.6,83,20,3.44
95,Ishigaki,JP,2021-04-25 20:03:25,24.3448,124.1572,72.36,65,4,16.13
96,Hilo,US,2021-04-25 19:56:55,19.7297,-155.09,75.2,69,90,4.61
97,Bandrele,YT,2021-04-25 20:03:26,-12.9067,45.1914,78.8,83,0,6.91
98,Krasnoselkup,RU,2021-04-25 20:03:27,65.7,82.4667,14.95,90,24,5.14
99,Port Blair,IN,2021-04-25 20:01:53,11.6667,92.75,81.55,74,98,4.97
100,Laguna,US,2021-04-25 20:03:27,38.421,-121.4238,62.6,55,90,10.36
101,Saskylakh,RU,2021-04-25 20:02:05,71.9167,114.0833,16.18,95,100,14.07
102,Provideniya,RU,2021-04-25 20:03:28,64.3833,-173.3,35.6,69,0,2.24
103,Souillac,MU,2021-04-25 20:02:59,-20.5167,57.5167,75.2,94,75,11.5
104,New Norfolk,AU,2021-04-25 20:01:35,-42.7826,147.0587,55.99,79,96,4.0
105,Taganak,PH,2021-04-25 20:03:30,6.0833,118.3,75.2,94,20,4.61
106,Nokaneng,BW,2021-04-25 20:03:30,-19.6667,22.2667,68.81,29,4,6.04
107,Taoudenni,ML,2021-04-25 20:02:31,22.6783,-3.9836,96.84,9,6,8.48
108,Tabuk,PH,2021-04-25 20:03:31,17.4189,121.4443,69.49,87,22,2.66
109,Tabou,CI,2021-04-25 20:03:31,4.423,-7.3528,79.34,82,100,6.08
110,Ixtapa,MX,2021-04-25 20:03:31,20.7,-105.2,82.4,65,75,14.97
111,Te Anau,NZ,2021-04-25 20:03:32,-45.4167,167.7167,43.81,93,100,8.32
112,Husavik,IS,2021-04-25 20:03:33,66.0449,-17.3389,39.2,93,90,14.97
113,Saldanha,ZA,2021-04-25 20:03:33,-33.0117,17.9442,60.8,88,100,6.91
114,Muros,ES,2021-04-25 20:01:33,42.7762,-9.0603,61.0,84,86,1.01
115,West Odessa,US,2021-04-25 20:03:34,31.8424,-102.4988,90.0,13,1,14.97
116,Cognac,FR,2021-04-25 20:03:34,45.5,-0.25,66.2,55,100,6.22
117,Vila Franca Do Campo,PT,2021-04-25 20:03:35,37.7167,-25.4333,60.8,72,75,13.8
118,Xuddur,SO,2021-04-25 20:03:35,4.1213,43.8894,78.85,63,95,12.08
119,Tuatapere,NZ,2021-04-25 20:03:36,-46.1333,167.6833,45.0,81,77,11.01
120,Mitsamiouli,KM,2021-04-25 20:03:36,-11.3847,43.2844,80.8,77,97,10.38
121,Goderich,CA,2021-04-25 19:58:22,43.7501,-81.7165,37.4,70,66,21.85
122,Airai,TL,2021-04-25 20:02:08,-8.9266,125.4092,54.97,83,23,1.63
123,Nikolskoye,RU,2021-04-25 19:57:07,59.7035,30.7861,39.0,93,90,8.95
124,Mount Isa,AU,2021-04-25 20:00:50,-20.7333,139.5,71.6,56,5,4.61
125,Berlevag,NO,2021-04-25 20:03:38,70.8578,29.0864,32.0,69,75,9.22
126,Sanary-Sur-Mer,FR,2021-04-25 20:03:38,43.1178,5.8001,60.01,67,74,2.26
127,Bathsheba,BB,2021-04-25 20:03:39,13.2167,-59.5167,84.2,51,20,18.41
128,Vao,NC,2021-04-25 20:02:38,-22.6667,167.4833,73.33,76,52,12.41
129,Machiques,VE,2021-04-25 20:03:39,10.0644,-72.545,95.07,43,55,11.63
130,Mgandu,TZ,2021-04-25 20:03:40,-5.95,34.1333,61.16,96,63,5.39
131,Aswan,EG,2021-04-25 20:03:40,24.0934,32.907,89.37,9,0,7.94
132,Salalah,OM,2021-04-25 20:03:41,17.0151,54.0924,84.2,70,75,8.05
133,Tasiilaq,GL,2021-04-25 20:02:37,65.6145,-37.6368,37.4,70,90,19.57
134,Leningradskiy,RU,2021-04-25 20:03:42,69.3833,178.4167,21.16,86,100,2.35
135,Pueblo,US,2021-04-25 20:03:43,38.2545,-104.6091,82.0,11,1,3.85
136,Hasaki,JP,2021-04-25 20:02:13,35.7333,140.8333,46.4,42,20,14.97
137,Bethel,US,2021-04-25 20:00:38,41.3712,-73.414,57.0,67,90,6.91
138,Kaitangata,NZ,2021-04-25 20:03:44,-46.2817,169.8464,37.0,74,84,1.01
139,Nyzy,UA,2021-04-25 20:03:45,50.7828,34.7844,42.21,74,82,3.2
140,Laranjeiras Do Sul,BR,2021-04-25 20:01:35,-25.4078,-52.4161,64.49,79,66,4.09
141,Novoagansk,RU,2021-04-25 20:03:45,61.9449,76.6625,34.92,98,99,7.7
142,Srednekolymsk,RU,2021-04-25 20:03:46,67.45,153.6833,9.68,89,34,5.19
143,Hofn,IS,2021-04-25 20:03:46,64.2539,-15.2082,42.91,88,100,12.5
144,Faya,SA,2021-04-25 20:03:47,18.3851,42.4509,62.6,67,40,6.91
145,Grindavik,IS,2021-04-25 20:03:47,63.8424,-22.4338,44.6,81,40,10.36
146,Bumba,CD,2021-04-25 20:03:47,2.1833,22.4667,70.43,98,100,4.14
147,Todos Santos,MX,2021-04-25 20:03:48,23.45,-110.2167,91.99,16,100,3.0
148,Mutengene,CM,2021-04-25 20:03:48,4.0913,9.3144,84.2,79,20,4.61
149,Constitucion,CL,2021-04-25 20:03:04,-35.3333,-72.4167,64.71,62,4,15.12
150,Pevek,RU,2021-04-25 20:03:49,69.7008,170.3133,20.07,93,100,11.68
151,Port Lincoln,AU,2021-04-25 20:03:50,-34.7333,135.8667,59.31,80,7,7.45
152,Licata,IT,2021-04-25 20:03:50,37.1071,13.9461,52.0,93,0,3.44
153,Tahta,EG,2021-04-25 20:03:50,26.7693,31.5021,89.6,9,0,6.91
154,Batesville,US,2021-04-25 20:02:15,35.7698,-91.641,73.4,46,20,4.61
155,Vila Velha,BR,2021-04-25 20:03:51,-20.3297,-40.2925,82.99,74,40,5.75
156,Quatre Cocos,MU,2021-04-25 20:03:52,-20.2078,57.7625,78.01,94,75,11.5
157,Itarema,BR,2021-04-25 20:01:24,-2.9248,-39.9167,81.03,74,16,11.41
158,Nenjiang,CN,2021-04-25 20:03:52,49.1833,125.2167,45.43,40,100,10.54
159,Maniitsoq,GL,2021-04-25 20:03:53,65.4167,-52.9,39.69,80,100,2.39
160,Wahiawa,US,2021-04-25 20:03:13,21.5028,-158.0236,80.01,61,40,10.36
161,Mareeba,AU,2021-04-25 20:03:53,-17.0,145.4333,75.2,94,75,10.36
162,Noyabrsk,RU,2021-04-25 20:03:54,63.1994,75.4507,33.39,98,100,12.44
163,Barrow,US,2021-04-25 20:02:19,71.2906,-156.7887,15.8,92,1,18.41
164,Mamakan,RU,2021-04-25 20:03:54,57.8161,114.0028,30.24,96,100,3.69
165,Hamilton,US,2021-04-25 20:00:29,39.1834,-84.5333,64.4,39,1,11.5
166,Oravita,RO,2021-04-25 20:03:55,45.0325,21.6894,52.0,58,0,3.44
167,San Juan,AR,2021-04-25 20:03:55,-31.5375,-68.5364,73.67,32,0,2.77
168,Zharkent,KZ,2021-04-25 20:03:56,44.1628,80.0,56.82,23,99,6.29
169,Khatanga,RU,2021-04-25 20:02:33,71.9667,102.5,4.59,88,78,14.72
170,Pacific Grove,US,2021-04-25 20:03:57,36.6177,-121.9166,60.8,59,90,10.36
171,Bima,ID,2021-04-25 20:03:57,-8.4667,118.7167,74.07,93,28,3.62
172,Carballo,ES,2021-04-25 20:03:58,43.213,-8.691,57.99,94,100,2.24
173,Caravelas,BR,2021-04-25 20:03:59,-17.7125,-39.2481,78.53,76,10,8.14
174,Buraydah,SA,2021-04-25 20:04:00,26.326,43.975,87.8,27,75,12.66
175,Nantucket,US,2021-04-25 20:04:00,41.2835,-70.0995,48.2,93,90,25.32
176,Chokurdakh,RU,2021-04-25 20:04:01,70.6333,147.9167,19.27,94,100,14.25
177,Mar Del Plata,AR,2021-04-25 19:57:12,-38.0023,-57.5575,64.4,68,40,13.8
178,Mantua,IT,2021-04-25 20:04:02,45.1667,10.7833,64.0,55,0,2.3
179,Sitka,US,2021-04-25 20:04:03,57.0531,-135.33,55.4,54,20,4.61
180,Palora,EC,2021-04-25 20:04:03,-1.7,-77.9333,69.8,94,40,9.22
181,Copala,MX,2021-04-25 20:04:04,16.65,-98.9833,87.33,57,100,10.04
182,Usinsk,RU,2021-04-25 20:04:05,65.9939,57.5281,39.34,87,100,7.9
183,Ambulu,ID,2021-04-25 20:04:06,-8.345,113.6058,73.78,86,69,3.38
184,San Patricio,US,2021-04-25 20:01:07,28.017,-97.5169,87.8,45,1,13.8
185,Fort Nelson,CA,2021-04-25 20:00:12,58.8053,-122.7002,51.8,22,40,11.5
186,Jaru,BR,2021-04-25 20:00:09,-10.4389,-62.4664,80.6,90,85,4.25
187,Kibaya,TZ,2021-04-25 20:04:07,-5.3,36.5667,60.37,98,98,3.33
188,High Rock,BS,2021-04-25 20:04:08,26.6208,-78.2833,84.2,74,40,13.8
189,Tiarei,PF,2021-04-25 20:04:09,-17.5333,-149.3333,84.2,70,40,8.05
190,Vanimo,PG,2021-04-25 20:04:09,-2.6741,141.3028,75.33,84,100,3.02
191,Fortuna,US,2021-04-25 19:59:37,40.5982,-124.1573,55.0,82,75,11.5
192,Shepsi,RU,2021-04-25 20:04:10,44.0361,39.1489,53.08,87,100,10.6
193,Saint-Leu,RE,2021-04-25 20:04:11,-21.15,55.2833,78.8,73,75,24.16
194,Conceicao Da Barra,BR,2021-04-25 20:04:11,-18.5933,-39.7322,78.82,78,30,8.75
195,Touros,BR,2021-04-25 20:04:12,-5.1989,-35.4608,82.4,74,20,12.66
196,Horta,PT,2021-04-25 20:04:12,38.5333,-28.6333,62.6,77,20,11.5
197,Virginia Beach,US,2021-04-25 20:04:13,36.8529,-75.978,64.0,67,52,3.0
198,Kerema,PG,2021-04-25 20:04:13,-7.9631,145.7785,75.22,92,100,6.11
199,Kodinsk,RU,2021-04-25 20:04:14,58.6881,99.1844,34.84,97,100,7.23
200,Cidreira,BR,2021-04-25 20:04:14,-30.1811,-50.2056,70.0,69,83,14.12
201,Iqaluit,CA,2021-04-25 20:00:09,63.7506,-68.5145,33.8,80,90,3.44
202,Liverpool,GB,2021-04-25 20:04:15,53.4106,-2.9779,53.6,58,6,11.5
203,Cravo Norte,CO,2021-04-25 20:04:15,6.3017,-70.2041,97.14,31,99,6.46
204,Sinnamary,GF,2021-04-25 20:04:16,5.3833,-52.95,80.96,82,54,11.95
205,Mogadishu,SO,2021-04-25 20:01:37,2.0371,45.3438,83.44,75,98,12.26
206,Emerald,AU,2021-04-25 20:04:16,-23.5333,148.1667,57.2,54,4,4.61
207,San Javier,ES,2021-04-25 20:03:57,37.8063,-0.8374,64.0,88,40,13.8
208,Jamestown,US,2021-04-25 20:01:44,42.097,-79.2353,46.0,75,90,14.97
209,Tambun,ID,2021-04-25 20:04:18,-6.2641,107.0712,82.99,78,52,5.75
210,Mirabad,AF,2021-04-25 20:04:19,30.4362,61.8383,80.58,15,3,10.58
211,Waingapu,ID,2021-04-25 20:04:19,-9.6567,120.2641,76.05,78,76,8.48
212,Anori,BR,2021-04-25 20:01:18,-3.7728,-61.6442,81.82,87,97,3.38
213,Klaksvik,FO,2021-04-25 20:03:46,62.2266,-6.589,46.4,93,100,11.5
214,Baicheng,CN,2021-04-25 20:04:20,45.6167,122.8167,49.55,29,100,9.37
215,Kayerkan,RU,2021-04-25 20:04:20,69.3497,87.7602,-1.44,99,100,3.22
216,Baherden,TM,2021-04-25 20:04:21,38.4362,57.4316,77.31,23,0,4.12
217,Erenhot,CN,2021-04-25 20:04:22,43.6475,111.9767,52.86,54,97,20.47
218,Camacha,PT,2021-04-25 20:04:22,33.0833,-16.3333,64.4,77,75,20.71
219,Mandurah,AU,2021-04-25 20:04:23,-32.55,115.7,53.6,94,93,4.61
220,Agadir,MA,2021-04-25 20:04:23,30.4202,-9.5982,66.2,72,40,12.66
221,Yulara,AU,2021-04-25 20:04:24,-25.2406,130.9889,53.6,54,0,6.91
222,Bushehr,IR,2021-04-25 20:04:24,28.9684,50.8385,78.8,50,38,6.91
223,Khorinsk,RU,2021-04-25 20:04:25,52.1657,109.7726,34.09,97,100,6.17
224,Bonavista,CA,2021-04-25 20:04:26,48.6499,-53.1147,51.8,43,78,11.5
225,Dasoguz,TM,2021-04-25 20:04:27,41.8363,59.9666,66.2,24,0,13.8
226,Kiunga,PG,2021-04-25 20:04:27,-6.1219,141.2906,72.0,96,100,0.65
227,Bengkulu,ID,2021-04-25 20:01:13,-3.8004,102.2655,75.76,89,57,4.59
228,Vadlapudi,IN,2021-04-25 20:04:28,14.3167,79.8,80.06,82,1,7.83
229,Morondava,MG,2021-04-25 20:04:01,-20.2833,44.2833,76.82,82,100,8.68
230,Ara,IN,2021-04-25 20:04:29,25.5667,84.6667,73.4,27,20,2.3
231,Mulege,MX,2021-04-25 20:04:30,26.8833,-111.9833,84.72,25,100,6.98
232,Saint Monans,GB,2021-04-25 20:04:30,56.2065,-2.7682,46.0,76,0,5.75
233,Palana,RU,2021-04-25 20:04:31,59.1167,159.9667,23.81,93,100,3.02
234,Ginda,IN,2021-04-25 20:04:32,30.6945,78.4932,53.67,36,0,8.81
235,Chuy,UY,2021-04-25 20:01:05,-33.6971,-53.4616,62.31,83,98,12.64
236,Severo-Kurilsk,RU,2021-04-25 20:04:33,50.6789,156.125,31.8,97,100,11.05
237,Deputatskiy,RU,2021-04-25 20:04:33,69.3,139.9,18.28,93,100,4.83
238,Amga,RU,2021-04-25 20:04:34,60.8953,131.9608,29.01,99,100,2.82
239,Ahipara,NZ,2021-04-25 20:04:34,-35.1667,173.1667,59.14,80,65,7.02
240,Pafos,CY,2021-04-25 19:59:46,34.7667,32.4167,62.6,67,0,3.44
241,Saint-Pierre,RE,2021-04-25 20:03:40,-21.3393,55.4781,78.8,73,75,24.16
242,Chauk,MM,2021-04-25 20:04:36,20.8833,94.8167,85.19,56,0,10.11
243,Constantine,DZ,2021-04-25 20:04:37,36.365,6.6147,68.0,52,0,4.61
244,Jiexiu,CN,2021-04-25 20:04:37,37.0244,111.9125,53.49,70,100,4.88
245,Sterling,US,2021-04-25 20:01:22,39.0062,-77.4286,66.2,45,75,20.71
246,Meulaboh,ID,2021-04-25 20:04:38,4.1363,96.1285,76.87,86,82,4.36
247,Acapulco,MX,2021-04-25 20:04:38,16.8634,-99.8901,86.0,66,90,10.36
248,Alofi,NU,2021-04-25 20:04:38,-19.0595,-169.9187,82.4,78,40,3.44
249,Chapais,CA,2021-04-25 20:04:39,49.7834,-74.8492,50.0,66,90,19.57
250,Sao Joao Da Barra,BR,2021-04-25 20:01:45,-21.6403,-41.0511,82.4,61,20,11.5
251,Gaozhou,CN,2021-04-25 20:04:40,21.9392,110.8461,76.15,87,100,3.44
252,Whyalla,AU,2021-04-25 20:04:40,-33.0333,137.5833,48.2,93,37,2.3
253,Zyryanka,RU,2021-04-25 20:02:46,65.75,150.85,6.48,90,6,8.5
254,Kragujevac,RS,2021-04-25 20:04:42,44.0167,20.9167,53.6,47,0,3.44
255,Solwezi,ZM,2021-04-25 20:04:42,-12.1688,26.3894,63.45,79,67,1.74
256,Ilinskoye-Khovanskoye,RU,2021-04-25 20:04:43,56.9718,39.7684,35.6,87,90,20.13
257,Ust-Nera,RU,2021-04-25 20:04:43,64.5667,143.2,4.87,97,96,3.38
258,San Cristobal,VE,2021-04-25 20:03:53,7.7669,-72.225,89.6,55,40,11.5
259,Rawson,AR,2021-04-25 20:00:51,-43.3002,-65.1023,67.91,40,74,20.76
260,Bauchi,NG,2021-04-25 20:04:44,10.5,10.0,78.55,62,100,11.61
261,Amalapuram,IN,2021-04-25 20:04:45,16.5833,82.0167,77.09,86,81,2.24
262,Avon Park,US,2021-04-25 20:00:21,27.5959,-81.5062,89.6,51,75,19.57
263,Hambantota,LK,2021-04-25 20:04:46,6.1241,81.1185,79.59,81,5,6.06
264,Holoby,UA,2021-04-25 20:04:47,51.0865,25.0077,42.01,49,100,1.99
265,Makat,KZ,2021-04-25 20:04:48,47.6469,53.3463,55.38,67,99,14.36
266,Chara,RU,2021-04-25 20:04:48,56.9064,118.2631,31.35,86,100,1.14
267,Nishihara,JP,2021-04-25 20:04:49,26.1842,127.7558,66.2,88,20,4.61
268,Skjervoy,NO,2021-04-25 20:04:50,70.0311,20.9714,33.8,80,75,11.5
269,Lhokseumawe,ID,2021-04-25 20:01:01,5.1801,97.1507,76.17,85,100,3.47
270,Ankazoabo,MG,2021-04-25 20:04:50,-22.2833,44.5167,69.57,78,1,4.38
271,Athabasca,CA,2021-04-25 20:00:12,54.7169,-113.2854,46.4,23,100,12.66
272,Sakakah,SA,2021-04-25 20:04:51,29.9697,40.2064,87.8,14,40,19.57
273,Praia Da Vitoria,PT,2021-04-25 20:04:51,38.7333,-27.0667,61.0,82,75,14.83
274,Winnemucca,US,2021-04-25 20:04:52,40.973,-117.7357,42.8,81,90,3.44
275,Khonsa,IN,2021-04-25 20:04:52,27.0167,95.5667,68.36,38,11,4.9
276,Umba,RU,2021-04-25 20:04:53,66.6871,34.3429,34.25,81,87,18.12
277,Saint George,US,2021-04-25 20:04:12,37.1041,-113.5841,81.0,10,1,28.77
278,Lethem,GY,2021-04-25 20:04:54,3.3803,-59.7968,84.29,65,100,7.23
279,West Lafayette,US,2021-04-25 20:04:55,40.4259,-86.9081,59.0,41,1,13.8
280,Soyo,AO,2021-04-25 20:04:55,-6.1349,12.3689,79.29,84,17,6.78
281,Khowst,AF,2021-04-25 20:04:56,33.3833,69.8833,67.06,37,15,3.06
282,Williston,US,2021-04-25 20:02:02,48.147,-103.618,48.2,57,75,11.5
283,Ossora,RU,2021-04-25 20:04:56,59.2353,163.0719,31.87,90,100,4.05
284,Upernavik,GL,2021-04-25 20:04:57,72.7868,-56.1549,36.27,83,4,4.05
285,Victoria,HK,2021-04-25 20:03:00,22.2855,114.1577,73.0,87,100,1.01
286,Norton Shores,US,2021-04-25 20:04:27,43.1689,-86.2639,46.0,45,20,18.41
287,Palmer,US,2021-04-25 20:02:52,42.1584,-72.3287,55.4,62,90,4.61
288,Rusape,ZW,2021-04-25 20:02:07,-18.5278,32.1284,59.81,64,9,3.6
289,Nova Olimpia,BR,2021-04-25 20:04:59,-14.7972,-57.2881,73.8,95,100,6.11
290,Namibe,AO,2021-04-25 20:02:40,-15.1961,12.1522,78.46,66,1,11.74
291,Marolambo,MG,2021-04-25 20:04:59,-20.05,48.1167,66.97,99,100,2.26
292,Xiongzhou,CN,2021-04-25 20:05:00,25.1167,114.3,65.25,90,100,2.59
293,Vostok,RU,2021-04-25 20:05:00,46.4856,135.8833,22.48,61,9,4.81
294,La Roda,ES,2021-04-25 20:02:00,39.2167,-2.15,55.4,76,75,12.66
295,Bambous Virieux,MU,2021-04-25 20:02:33,-20.3428,57.7575,78.01,94,75,11.5
296,Katsuura,JP,2021-04-25 20:05:02,35.1333,140.3,51.01,32,80,3.0
297,Westport,US,2021-04-25 20:03:04,41.1415,-73.3579,57.2,62,90,10.36
298,Portland,US,2021-04-25 20:00:12,45.5234,-122.6762,57.99,62,75,3.44
299,Dongsheng,CN,2021-04-25 20:05:03,39.8161,109.9776,42.67,91,0,8.97
300,Henties Bay,NA,2021-04-25 20:04:46,-22.116,14.2845,62.01,90,24,1.99
301,Sao Filipe,CV,2021-04-25 20:01:32,14.8961,-24.4956,72.59,71,62,10.58
302,De-Kastri,RU,2021-04-25 20:05:04,51.4667,140.7833,27.52,65,6,3.27
303,Tyret Pervaya,RU,2021-04-25 20:05:04,53.6703,102.3106,33.03,85,73,9.75
304,Nalut,LY,2021-04-25 20:05:05,30.3333,10.85,76.19,18,9,14.83
305,Prachuap Khiri Khan,TH,2021-04-25 20:05:05,12.2167,99.75,82.99,66,88,3.78
306,Anchorage,US,2021-04-25 20:05:06,61.2181,-149.9003,53.6,37,1,5.75
307,Santiago Del Estero,AR,2021-04-25 20:05:07,-27.7951,-64.2615,74.26,39,0,6.91
308,Esmeraldas,BR,2021-04-25 20:05:07,-19.7625,-44.3139,84.2,37,0,4.61
309,Imeni Babushkina,RU,2021-04-25 20:05:08,59.7573,43.1285,39.88,98,100,4.47
310,Novozavidovskiy,RU,2021-04-25 20:05:08,56.55,36.4333,34.48,78,100,11.12
311,Stephenville,US,2021-04-25 20:05:09,32.2207,-98.2023,80.6,39,1,13.8
312,Ciudad Bolivar,VE,2021-04-25 20:05:10,8.1222,-63.5497,96.89,31,74,11.7
313,Wake Forest,US,2021-04-25 20:05:11,35.9799,-78.5097,69.01,48,75,9.22
314,Hof,DE,2021-04-25 20:05:11,50.3167,11.9167,37.0,70,11,4.12
315,Cabo San Lucas,MX,2021-04-25 20:01:55,22.8909,-109.9124,84.99,31,40,6.73
316,Yerbogachen,RU,2021-04-25 20:01:56,61.2767,108.0108,31.84,90,100,6.58
317,Butaritari,KI,2021-04-25 20:05:13,3.0707,172.7902,82.36,76,19,12.17
318,Teshie,GH,2021-04-25 20:05:13,5.5836,-0.1072,84.2,79,20,12.66
319,Manono,CD,2021-04-25 20:05:14,-7.3,27.4167,70.12,95,100,2.21
320,Beloha,MG,2021-04-25 20:05:14,-25.1667,45.05,72.88,79,0,6.71
321,Zhezkazgan,KZ,2021-04-25 20:02:32,47.8043,67.7144,51.98,59,92,4.81
322,Sioux Lookout,CA,2021-04-25 20:05:15,50.1001,-91.917,46.4,27,75,9.22
323,Petrovsk,RU,2021-04-25 20:05:16,52.3064,45.3917,38.05,68,15,9.8
324,Zhigansk,RU,2021-04-25 20:05:16,66.7697,123.3711,32.5,99,100,8.39
325,Nanortalik,GL,2021-04-25 20:02:19,60.1432,-45.2371,41.86,75,100,12.8
326,Phu Ly,VN,2021-04-25 20:05:17,20.5411,105.9139,76.71,94,97,2.89
327,Raga,SS,2021-04-25 20:05:17,8.4596,25.678,72.5,87,100,10.18
328,Santos Dumont,BR,2021-04-25 20:05:18,-21.4567,-43.5525,80.6,34,0,5.75
329,Kurumkan,RU,2021-04-25 20:05:18,54.3,110.3,38.59,85,100,3.98
330,Manzil Salim,TN,2021-04-25 20:05:19,35.8567,8.4765,69.8,28,0,6.91
331,Talaya,RU,2021-04-25 20:05:19,61.3833,152.75,0.1,98,99,2.21
332,Wanning,CN,2021-04-25 20:05:20,18.8003,110.3967,78.71,89,100,7.07
333,Port Hardy,CA,2021-04-25 20:01:40,50.6996,-127.4199,50.0,87,90,6.91
334,Male,MV,2021-04-25 20:05:20,4.1748,73.5089,86.0,84,20,8.05
335,Bowen,AU,2021-04-25 20:01:21,-20.0167,148.2333,71.6,83,90,8.05
336,Requena,ES,2021-04-25 20:05:21,39.4883,-1.1004,59.0,84,100,6.08
337,La Crosse,US,2021-04-25 20:05:21,43.8014,-91.2396,50.0,29,75,4.61
338,Kandry,RU,2021-04-25 20:05:22,54.5667,54.1167,39.43,65,45,13.56
339,Ler,SS,2021-04-25 20:05:22,8.3018,30.1418,78.53,69,100,2.59
340,Staryy Nadym,RU,2021-04-25 20:05:23,65.6118,72.6842,32.81,97,100,13.2
341,Desterro,BR,2021-04-25 20:05:23,-7.2906,-37.0939,81.84,46,91,3.4
342,Dzhebariki-Khaya,RU,2021-04-25 20:05:24,62.2167,135.8,14.13,93,100,2.75
343,Esperance,AU,2021-04-25 20:05:25,-33.8667,121.9,60.8,63,0,18.41
344,Birobidzhan,RU,2021-04-25 20:05:25,48.8,132.95,36.68,34,99,5.86
345,Huntsville,US,2021-04-25 20:05:26,34.7304,-86.5861,71.01,49,75,8.05
346,Verkhnyaya Inta,RU,2021-04-25 20:05:26,65.9811,60.3094,40.89,84,100,13.35
347,Kloulklubed,PW,2021-04-25 20:04:05,7.0419,134.2556,77.0,88,90,10.36
348,Nemuro,JP,2021-04-25 20:05:27,43.3236,145.575,32.0,67,11,17.81
349,Springfield,US,2021-04-25 20:02:23,37.2153,-93.2982,73.99,35,1,16.11
350,Fatehpur,IN,2021-04-25 20:05:29,25.9333,80.8,81.52,11,16,3.69
351,Puerto Madero,MX,2021-04-25 20:05:29,14.7208,-92.4215,89.6,55,20,11.5
352,Naze,JP,2021-04-25 20:05:29,28.3667,129.4833,64.15,71,34,10.85
353,Jiazi,CN,2021-04-25 20:05:30,22.8779,116.067,70.09,78,91,15.21
354,Daru,PG,2021-04-25 20:01:45,-9.0763,143.2092,74.88,95,100,8.59
355,Mbinga,TZ,2021-04-25 20:05:30,-10.9333,35.0167,69.8,88,75,4.61
356,Fairbanks,US,2021-04-25 20:05:31,64.8378,-147.7164,55.4,32,1,0.69
357,Lasa,IT,2021-04-25 20:04:22,46.6166,10.7002,59.0,53,0,4.61
358,Tibati,CM,2021-04-25 20:05:32,6.4667,12.6333,67.95,88,49,3.24
359,Santa Isabel Do Rio Negro,BR,2021-04-25 20:05:32,-0.4139,-65.0192,83.59,83,96,2.75
360,Worland,US,2021-04-25 20:05:33,44.0169,-107.9554,66.0,24,1,10.36
361,Riyadh,SA,2021-04-25 20:05:33,24.6877,46.7219,82.4,20,0,3.44
362,North Bend,US,2021-04-25 20:05:34,43.4065,-124.2243,54.0,76,90,10.36
363,Rudnogorsk,RU,2021-04-25 20:05:34,57.2639,103.7519,26.89,95,74,6.71
364,Pirai Do Sul,BR,2021-04-25 20:05:34,-24.5261,-49.9486,65.71,77,100,3.76
365,Yarmouth,US,2021-04-25 20:01:15,41.7057,-70.2286,48.2,93,90,14.97
366,Concarneau,FR,2021-04-25 20:05:35,47.875,-3.9225,53.6,66,0,16.11
367,Yar-Sale,RU,2021-04-25 20:04:26,66.8333,70.8333,33.06,92,100,11.97
368,Marzuq,YE,2021-04-25 20:05:36,14.4,46.4667,70.32,76,82,7.67
369,Potsdam,DE,2021-04-25 20:05:37,52.3989,13.0657,41.0,51,7,6.13
370,Vestmannaeyjar,IS,2021-04-25 20:05:37,63.4427,-20.2734,45.86,80,0,19.46
371,Narasannapeta,IN,2021-04-25 20:05:38,18.4167,84.05,79.16,86,4,7.56
372,Margate,GB,2021-04-25 20:00:47,51.3813,1.3862,48.99,65,40,5.01
373,Vardo,NO,2021-04-25 20:05:38,70.3705,31.1107,33.8,69,20,13.8
374,Ekhabi,RU,2021-04-25 20:02:02,53.5102,142.9671,19.4,87,5,4.79
375,Balkhash,KZ,2021-04-25 20:05:39,46.844,74.9804,47.14,37,8,10.36
376,Honningsvag,NO,2021-04-25 20:02:19,70.9821,25.9704,33.8,86,75,5.75
377,Kasongo-Lunda,CD,2021-04-25 20:05:40,-6.4667,16.8167,74.48,86,74,1.79
378,Moose Factory,CA,2021-04-25 20:05:41,51.2585,-80.6094,30.2,51,40,20.71
379,Yabucoa,PR,2021-04-25 20:05:41,18.0505,-65.8793,84.0,75,26,8.01
380,La Palma,US,2021-04-25 20:05:42,33.8464,-118.0467,69.8,46,75,8.05
381,Kichera,RU,2021-04-25 20:05:42,55.9375,110.0997,33.26,79,100,6.33
382,Bilibino,RU,2021-04-25 20:05:42,68.0546,166.4372,18.46,92,98,2.64
383,Coahuayana,MX,2021-04-25 20:05:43,18.7333,-103.6833,87.8,33,75,8.08
384,Ginir,ET,2021-04-25 20:05:43,7.1333,40.7,58.42,93,88,4.29
385,Baruun-Urt,MN,2021-04-25 20:02:39,46.6806,113.2792,48.78,65,95,18.48
386,Dong Hoi,VN,2021-04-25 20:05:45,17.4833,106.6,78.06,93,100,3.2
387,Ayr,GB,2021-04-25 20:05:45,55.4627,-4.6339,48.0,81,0,6.91
388,Umm Kaddadah,SD,2021-04-25 20:05:46,13.6017,26.6876,86.13,13,15,13.09
389,Abha,SA,2021-04-25 20:05:47,18.2164,42.5053,62.6,67,40,6.91
390,Farafangana,MG,2021-04-25 20:05:47,-22.8167,47.8333,71.96,89,13,1.43
391,Sisophon,KH,2021-04-25 20:05:48,13.5859,102.9737,80.38,79,40,5.53
392,Ormara,PK,2021-04-25 20:05:48,25.2088,64.6357,81.88,73,34,10.6
393,Bolshoye Murashkino,RU,2021-04-25 20:05:49,55.7826,44.7754,37.98,65,100,21.09
394,Machinga,MW,2021-04-25 20:05:50,-15.1685,35.3,67.1,85,93,4.29
395,Wanaka,NZ,2021-04-25 20:05:50,-44.7,169.15,38.3,89,38,5.99
396,Siverskiy,RU,2021-04-25 20:05:51,59.3544,30.0783,37.4,93,90,8.95
397,Huron,US,2021-04-25 20:05:52,41.1501,-82.5499,51.01,73,90,4.0
398,Makakilo City,US,2021-04-25 20:03:38,21.3469,-158.0858,82.4,51,20,10.36
399,Chagoda,RU,2021-04-25 20:05:53,59.164,35.3285,33.85,99,100,8.16
400,Ponta Do Sol,PT,2021-04-25 20:00:53,32.6667,-17.1,60.01,86,51,5.01
401,Sarangani,PH,2021-04-25 20:05:54,5.4033,125.4636,82.71,77,24,12.5
402,Buenavista,PH,2021-04-25 20:05:55,8.9769,125.4089,75.96,87,99,1.12
403,Broken Hill,AU,2021-04-25 20:05:55,-31.95,141.4333,50.0,71,0,6.6
404,Mirnyy,RU,2021-04-25 20:05:56,62.5353,113.9611,32.43,98,100,5.95
405,Senador Pompeu,BR,2021-04-25 20:05:56,-5.5881,-39.3717,83.34,61,70,1.57
406,Smirnykh,RU,2021-04-25 20:05:57,49.75,142.8333,25.93,81,66,3.36
407,Tefe,BR,2021-04-25 20:04:12,-3.3542,-64.7114,84.2,84,75,8.05
408,Rio Grande,BR,2021-04-25 20:03:50,-32.035,-52.0986,71.6,43,40,16.11
409,Olafsvik,IS,2021-04-25 20:04:34,64.8945,-23.7142,43.77,84,12,8.7
410,Codrington,AU,2021-04-25 20:02:28,-38.2667,141.9667,53.62,84,100,4.92
411,Rehoboth,NA,2021-04-25 20:05:58,-23.3167,17.0833,68.88,31,56,7.67
412,Barguzin,RU,2021-04-25 20:05:58,53.6167,109.6167,34.05,97,100,4.76
413,Faridabad,IN,2021-04-25 20:05:59,28.4333,77.3167,75.2,41,0,5.14
414,Hirado,JP,2021-04-25 20:06:00,33.3597,129.5531,54.0,30,5,5.99
415,Bafoulabe,ML,2021-04-25 20:06:00,13.8065,-10.8321,99.93,12,0,2.91
416,Awjilah,LY,2021-04-25 20:06:01,29.1081,21.2869,65.97,61,0,16.42
417,Hohhot,CN,2021-04-25 20:06:02,40.8106,111.6522,48.2,93,20,4.47
418,Mnogovershinnyy,RU,2021-04-25 20:06:02,53.9353,139.9242,16.54,81,5,2.57
419,Namie,JP,2021-04-25 20:06:03,37.4833,141.0,39.99,48,0,11.48
420,Honiara,SB,2021-04-25 20:03:25,-9.4333,159.95,78.35,85,33,3.56
421,Graaff-Reinet,ZA,2021-04-25 20:06:04,-32.2522,24.5308,73.94,22,100,6.96
422,Loanda,AO,2021-04-25 20:06:04,-8.8368,13.2343,80.6,89,75,4.61
423,Auki,SB,2021-04-25 20:06:05,-8.7676,160.7034,79.23,87,58,0.83
424,La Macarena,CO,2021-04-25 20:06:05,2.1837,-73.7849,90.88,50,53,6.44
425,Mendoza,AR,2021-04-25 20:06:06,-32.8908,-68.8272,73.4,33,0,4.61
426,Los Llanos De Aridane,ES,2021-04-25 20:06:06,28.6585,-17.9182,68.0,68,40,3.44
427,Lagoa,PT,2021-04-25 20:02:14,39.05,-27.9833,59.31,81,98,13.94
428,Nome,US,2021-04-25 20:02:30,64.5011,-165.4064,39.2,70,40,4.94
429,Pershotravneve,UA,2021-04-25 20:06:07,51.3929,28.8684,34.21,59,51,3.56
430,Tongchuan,CN,2021-04-25 20:06:08,35.0806,109.0897,48.42,94,93,2.06
431,Areosa,PT,2021-04-25 20:06:08,41.7178,-8.8571,62.6,77,20,3.44
432,Warragul,AU,2021-04-25 20:06:09,-38.1667,145.9333,52.0,93,99,1.01
433,Luba,GQ,2021-04-25 20:06:09,3.4568,8.5547,80.6,77,20,7.72
434,Kavieng,PG,2021-04-25 20:02:27,-2.5744,150.7967,81.39,76,100,3.09
435,Florencia,IT,2021-04-25 20:05:01,43.7667,11.25,62.6,39,0,1.14
436,Blagoveshchensk,RU,2021-04-25 20:06:11,50.2667,127.5333,41.0,42,20,8.95
437,Okha,RU,2021-04-25 20:06:11,53.5739,142.9478,19.99,86,5,5.1
438,Inongo,CD,2021-04-25 20:06:12,-1.95,18.2667,73.42,90,20,2.55
439,Nikki,BJ,2021-04-25 20:06:12,9.9401,3.2108,80.65,61,100,10.31
440,Fukue,JP,2021-04-25 20:06:13,32.6881,128.8419,59.05,60,93,29.21
441,Ailigandi,PA,2021-04-25 20:06:13,9.2333,-78.0167,82.71,77,81,11.77
442,Mezen,RU,2021-04-25 20:06:13,65.8522,44.24,42.39,85,100,5.3
443,Angostura,MX,2021-04-25 20:06:14,25.3667,-108.1833,90.0,38,61,8.99
444,Guican,CO,2021-04-25 20:06:14,6.4618,-72.4113,59.49,76,79,2.57
445,Saint-Joseph,RE,2021-04-25 20:02:05,-21.3667,55.6167,78.8,73,75,24.16
446,Talnakh,RU,2021-04-25 20:06:15,69.4865,88.3972,-2.22,95,82,2.35
447,Taksimo,RU,2021-04-25 20:06:15,56.3444,114.8794,34.03,91,100,3.06
448,Champerico,GT,2021-04-25 20:06:16,14.3,-91.9167,91.4,62,40,6.91
449,Tilichiki,RU,2021-04-25 20:06:16,60.4667,166.1,27.79,92,98,4.61
450,Mattru,SL,2021-04-25 20:06:17,7.6244,-11.8332,81.48,76,97,4.0
451,Rafraf,TN,2021-04-25 20:06:17,37.1904,10.1837,64.4,72,20,13.8
452,Malyn,UA,2021-04-25 20:06:18,50.7723,29.2383,41.0,81,100,4.47
453,Uruzgan,AF,2021-04-25 20:06:18,32.8333,66.0,65.52,13,43,1.45
454,Maceio,BR,2021-04-25 20:03:55,-9.6658,-35.7353,80.6,74,0,8.05
455,Hualmay,PE,2021-04-25 20:06:19,-11.0964,-77.6139,71.37,75,15,7.92
456,Aksu,CN,2021-04-25 20:06:19,41.1231,80.2644,57.81,28,28,7.36
457,Miandoab,IR,2021-04-25 20:06:20,36.9694,46.1027,63.45,17,22,5.28
458,Alice Springs,AU,2021-04-25 20:06:21,-23.7,133.8833,46.4,66,0,4.61
459,Cordoba,AR,2021-04-25 20:05:26,-31.4135,-64.1811,73.99,40,20,6.91
460,Zaranj,AF,2021-04-25 20:06:21,30.9667,61.8833,78.8,17,0,11.5
461,Tanushimaru,JP,2021-04-25 20:06:21,33.35,130.6833,51.01,74,1,5.48
462,Minot,US,2021-04-25 20:06:22,48.2325,-101.2963,42.8,61,90,12.66
463,Bafia,CM,2021-04-25 20:06:22,4.75,11.2333,74.91,81,8,0.4
464,Pisco,PE,2021-04-25 20:01:36,-13.7,-76.2167,71.01,83,40,10.36
465,Asmara,ER,2021-04-25 20:06:12,15.3333,38.9333,63.88,52,91,2.48
466,Saurimo,AO,2021-04-25 20:06:24,-9.6608,20.3916,65.82,87,68,3.2
467,Waipawa,NZ,2021-04-25 20:06:24,-41.4122,175.5153,51.8,76,20,3.44
468,Andenes,NO,2021-04-25 20:06:25,69.3143,16.1194,35.6,75,75,6.91
469,Puerto Lumbreras,ES,2021-04-25 20:06:25,37.5633,-1.8097,62.01,88,49,3.0
470,Aksarka,RU,2021-04-25 20:06:25,66.5606,67.7975,33.69,98,100,10.98
471,Berdigestyakh,RU,2021-04-25 20:06:26,62.0989,126.6992,31.53,98,100,4.21
472,Bilaspur,IN,2021-04-25 20:06:26,22.0833,82.15,80.4,13,11,6.67
473,Warmbad,NA,2021-04-25 20:06:27,-28.45,18.7333,71.74,38,88,6.53
474,Simao,CN,2021-04-25 20:06:27,22.7886,100.9748,67.82,67,98,2.19
475,Tual,ID,2021-04-25 20:06:28,-5.6667,132.75,83.39,63,100,6.2
476,Shetpe,KZ,2021-04-25 20:06:28,44.1667,52.1167,62.71,41,9,1.12
477,Igarka,RU,2021-04-25 20:06:29,67.4667,86.5833,4.3,99,92,7.87
478,Mujiayingzi,CN,2021-04-25 20:06:30,42.1167,118.7833,48.7,43,100,6.76
479,Martapura,ID,2021-04-25 20:06:31,-3.4167,114.85,80.6,83,90,5.75
480,Balsas,BR,2021-04-25 20:06:31,-7.5325,-46.0356,79.68,79,93,4.16
481,Nizwa,OM,2021-04-25 20:01:39,22.9333,57.5333,81.37,20,70,4.05
482,Sangar,RU,2021-04-25 20:06:32,63.9242,127.4739,25.5,94,100,12.1
483,Omboue,GA,2021-04-25 20:06:32,-1.5746,9.2618,79.72,85,0,5.55
484,Rosarito,MX,2021-04-25 20:02:21,32.3333,-117.0333,68.0,49,1,6.91
485,Hailar,CN,2021-04-25 20:06:34,49.2,119.7,48.61,30,100,14.56
486,Uddevalla,SE,2021-04-25 20:06:34,58.3478,11.9424,39.2,45,90,6.91
487,San Policarpo,PH,2021-04-25 20:06:35,12.1791,125.5072,77.86,82,100,8.97
488,Freeport,US,2021-04-25 20:06:06,40.6576,-73.5832,60.8,62,90,11.5
489,Thinadhoo,MV,2021-04-25 20:01:16,0.5333,72.9333,82.33,66,39,4.41
490,Taltal,CL,2021-04-25 20:06:37,-25.4,-70.4833,65.25,74,51,4.59
491,Pitsunda,GE,2021-04-25 20:06:37,43.1592,40.3378,53.6,87,90,8.95
492,Houston,US,2021-04-25 20:03:56,29.7633,-95.3633,84.0,44,20,10.36
493,Turtas,RU,2021-04-25 20:06:38,58.9417,69.1325,43.79,61,100,9.8
494,Iisalmi,FI,2021-04-25 20:06:39,63.5592,27.1907,35.6,100,90,8.05
495,Santa Rosa,PH,2021-04-25 20:04:57,14.3122,121.1114,80.6,78,20,4.61
496,Shibetsu,JP,2021-04-25 20:02:04,43.659,145.132,29.75,73,8,10.22
497,Mehamn,NO,2021-04-25 20:06:40,71.0357,27.8492,33.8,75,75,13.8
498,Leesburg,US,2021-04-25 20:02:08,39.1157,-77.5636,64.99,51,75,14.97
499,Floro,NO,2021-04-25 20:06:40,61.5996,5.0328,42.8,52,90,5.75
500,Guerrero Negro,MX,2021-04-25 20:02:52,27.9769,-114.0611,67.95,55,98,13.71
501,Robertsport,LR,2021-04-25 20:06:41,6.7533,-11.3686,82.63,79,100,7.72
502,Hovd,MN,2021-04-25 20:06:41,48.0056,91.6419,28.44,30,39,2.62
503,Puerto Carreno,CO,2021-04-25 20:06:41,6.189,-67.4859,91.33,45,100,5.91
504,Gat,IL,2021-04-25 20:06:42,31.61,34.7642,73.0,53,0,7.23
505,Vilhena,BR,2021-04-25 20:02:21,-12.7406,-60.1458,73.4,100,75,8.05
506,Adrar,MR,2021-04-25 20:06:42,20.5022,-10.0711,88.09,15,21,10.56
507,Kabinda,CD,2021-04-25 20:06:43,-6.1333,24.4833,68.02,84,97,3.65
508,Solnechnyy,RU,2021-04-25 20:06:45,50.7214,136.6319,27.66,59,14,3.98
509,Hami,CN,2021-04-25 20:05:08,42.8,93.45,41.02,20,90,6.11
510,Juneau,US,2021-04-25 20:06:46,58.3019,-134.4197,55.99,33,20,6.91
511,Boyolangu,ID,2021-04-25 20:02:58,-8.1181,111.8935,75.18,90,91,2.1
512,Ptichye,RU,2021-04-25 20:06:48,45.5168,41.7115,44.6,76,40,13.42
513,Flinders,AU,2021-04-25 20:06:49,-34.5833,150.8552,51.01,86,16,1.01
514,Lencois Paulista,BR,2021-04-25 20:06:49,-22.5986,-48.8003,84.2,42,40,6.91
515,Mittagong,AU,2021-04-25 20:06:50,-34.45,150.45,51.01,86,1,1.01
516,Mana,GF,2021-04-25 20:06:13,5.6592,-53.7767,80.38,82,66,10.85
517,Nikolsk,RU,2021-04-25 20:06:50,53.7189,46.0712,37.42,72,39,15.35
518,Vaitape,PF,2021-04-25 20:06:51,-16.5167,-151.75,80.94,65,4,3.02
519,Filadelfia,US,2021-04-25 20:00:02,39.9523,-75.1638,64.0,51,75,18.41
520,Gusau,NG,2021-04-25 20:06:52,12.1628,6.6614,89.71,34,83,10.49
521,Ouro Preto Do Oeste,BR,2021-04-25 20:06:53,-10.7481,-62.2158,79.0,92,100,4.16
522,Caceres,ES,2021-04-25 20:06:54,39.522,-6.3748,55.96,91,100,5.41
523,Sault Sainte Marie,CA,2021-04-25 20:02:07,46.5168,-84.3333,37.4,52,20,14.97
524,Una,IN,2021-04-25 20:06:54,20.8167,71.0333,81.54,73,33,14.03
525,Nouadhibou,MR,2021-04-25 20:03:37,20.931,-17.0347,68.0,77,0,16.11
526,Pine Bluff,US,2021-04-25 20:06:55,34.2284,-92.0032,73.4,40,1,8.05
527,Upington,ZA,2021-04-25 20:06:56,-28.4478,21.2561,71.6,23,100,6.91
528,Carutapera,BR,2021-04-25 20:06:56,-1.195,-46.02,80.8,83,38,6.24
529,Alpatovo,RU,2021-04-25 20:06:57,43.7028,45.2415,55.4,76,75,10.69
530,Ussel,FR,2021-04-25 20:06:57,45.55,2.3167,57.99,17,100,1.36
531,Windhoek,NA,2021-04-25 20:06:58,-22.5594,17.0832,64.99,42,4,6.91
532,Aberystwyth,GB,2021-04-25 20:06:58,52.4155,-4.0829,48.0,26,100,10.47
533,Ndele,CF,2021-04-25 20:06:58,8.4109,20.6473,72.95,86,100,4.9
534,Plettenberg Bay,ZA,2021-04-25 20:06:59,-34.0527,23.3716,66.22,71,100,5.23
535,Jamkhed,IN,2021-04-25 20:04:05,18.7362,75.3121,87.55,26,38,9.51
536,Katobu,ID,2021-04-25 20:07:00,-4.9408,122.5276,74.03,88,96,3.51
537,Veraval,IN,2021-04-25 20:04:32,20.9,70.3667,81.23,82,8,11.36
538,Nisia Floresta,BR,2021-04-25 20:07:01,-6.0911,-35.2086,84.2,74,20,12.66
539,Beringovskiy,RU,2021-04-25 20:03:25,63.05,179.3167,31.12,86,100,1.99
540,Dudinka,RU,2021-04-25 20:07:01,69.4058,86.1778,-4.76,100,100,2.13
541,Chumphon,TH,2021-04-25 20:07:02,10.3333,98.8333,71.96,92,96,1.81
542,Ponnani,IN,2021-04-25 20:07:02,10.767,75.9252,77.0,88,40,2.3
543,Ilulissat,GL,2021-04-25 20:07:02,69.2167,-51.1,50.0,43,95,11.5
544,Pedernales,DO,2021-04-25 20:07:03,18.0384,-71.744,82.87,64,91,7.63
545,Bubaque,GW,2021-04-25 20:07:04,11.2833,-15.8333,78.37,69,44,20.87
546,Cockburn Town,TC,2021-04-25 20:01:20,21.4612,-71.1419,82.4,65,40,14.97
547,Keetmanshoop,NA,2021-04-25 20:07:05,-26.5833,18.1333,80.6,18,67,9.22
548,Santa Cruz De La Palma,ES,2021-04-25 20:07:06,28.6835,-17.7642,68.0,68,40,3.44
549,Coihaique,CL,2021-04-25 20:07:07,-45.5752,-72.0662,57.2,58,40,3.44
550,San Roque,ES,2021-04-25 20:07:07,36.2107,-5.3842,62.6,77,20,2.3
551,Kalmunai,LK,2021-04-25 20:07:08,7.4167,81.8167,78.64,77,38,5.66
552,Sur,OM,2021-04-25 20:04:47,22.5667,59.5289,84.29,45,0,10.22
553,Sal Rei,CV,2021-04-25 20:04:33,16.1833,-22.9167,73.4,64,40,18.41
554,Ojinaga,MX,2021-04-25 20:07:10,29.5667,-104.4167,91.4,6,1,5.75
555,Kiama,AU,2021-04-25 20:07:10,-34.6833,150.8667,52.0,92,9,1.01
556,Cherskiy,RU,2021-04-25 20:03:30,68.75,161.3,7.2,93,96,4.54
557,Terney,RU,2021-04-25 20:07:11,45.0503,136.6092,29.61,66,6,5.46
558,Weligama,LK,2021-04-25 20:07:12,5.9667,80.4167,77.79,87,19,2.21
559,Bagotville,AU,2021-04-25 20:07:12,-28.9833,153.4167,60.8,94,90,6.91
560,Marrakesh,MA,2021-04-25 20:05:54,31.6315,-8.0083,68.0,45,75,12.66
561,Matagami,CA,2021-04-25 20:07:13,49.7502,-77.6328,21.2,86,90,23.02
562,Visnes,NO,2021-04-25 20:07:14,59.3556,5.2242,42.8,70,20,24.16
563,Kaihua,CN,2021-04-25 20:07:14,23.3687,104.28,65.71,95,92,4.76
564,Pitimbu,BR,2021-04-25 20:07:15,-7.4706,-34.8086,80.6,78,0,12.66
565,Rong Kwang,TH,2021-04-25 20:07:15,18.339,100.3174,77.22,74,100,0.76
566,Togitsu,JP,2021-04-25 20:07:16,32.8333,129.85,51.73,63,7,10.94
567,Banda Aceh,ID,2021-04-25 20:06:16,5.5577,95.3222,79.66,77,89,7.4
568,Ariquemes,BR,2021-04-25 20:07:17,-9.9133,-63.0408,80.24,90,100,3.69
569,Rutland,US,2021-04-25 20:07:17,43.6167,-73.0162,53.6,66,90,3.44
570,Marawi,PH,2021-04-25 20:05:14,7.9986,124.2928,77.0,90,100,4.0
571,Ozernovskiy,RU,2021-04-25 20:07:18,51.5,156.5167,31.46,97,100,9.62
